{
  "type": "record",
  "name": "Envelope",
  "namespace": "debezium_server.public.items",
  "fields": [
    {
      "name": "before",
      "type": [
        "null",
        {
          "type": "record",
          "name": "Value",
          "fields": [
            {
              "name": "id",
              "type": {
                "type": "int",
                "connect.default": 0
              },
              "default": 0
            },
            {
              "name": "name",
              "type": "string"
            },
            {
              "name": "cost",
              "type": [
                "null",
                {
                  "type": "bytes",
                  "scale": 3,
                  "precision": 6,
                  "connect.version": 1,
                  "connect.parameters": {
                    "scale": "3",
                    "connect.decimal.precision": "6"
                  },
                  "connect.name": "org.apache.kafka.connect.data.Decimal",
                  "logicalType": "decimal"
                }
              ],
              "default": null
            }
          ],
          "connect.name": "debezium_server.public.items.Value"
        }
      ],
      "default": null
    },
    {
      "name": "after",
      "type": ["null", "Value"],
      "default": null
    },
    {
      "name": "source",
      "type": {
        "type": "record",
        "name": "Source",
        "namespace": "io.debezium.connector.postgresql",
        "fields": [
          {
            "name": "version",
            "type": "string"
          },
          {
            "name": "connector",
            "type": "string"
          },
          {
            "name": "name",
            "type": "string"
          },
          {
            "name": "ts_ms",
            "type": "long"
          },
          {
            "name": "snapshot",
            "type": [
              {
                "type": "string",
                "connect.version": 1,
                "connect.parameters": {
                  "allowed": "true,last,false,incremental"
                },
                "connect.default": "false",
                "connect.name": "io.debezium.data.Enum"
              },
              "null"
            ],
            "default": "false"
          },
          {
            "name": "db",
            "type": "string"
          },
          {
            "name": "sequence",
            "type": ["null", "string"],
            "default": null
          },
          {
            "name": "schema",
            "type": "string"
          },
          {
            "name": "table",
            "type": "string"
          },
          {
            "name": "txId",
            "type": ["null", "long"],
            "default": null
          },
          {
            "name": "lsn",
            "type": ["null", "long"],
            "default": null
          },
          {
            "name": "xmin",
            "type": ["null", "long"],
            "default": null
          }
        ],
        "connect.name": "io.debezium.connector.postgresql.Source"
      }
    },
    {
      "name": "op",
      "type": "string"
    },
    {
      "name": "ts_ms",
      "type": ["null", "long"],
      "default": null
    },
    {
      "name": "transaction",
      "type": [
        "null",
        {
          "type": "record",
          "name": "ConnectDefault",
          "namespace": "com.amazonaws.services.schemaregistry.kafkaconnect.avrodata",
          "fields": [
            {
              "name": "id",
              "type": "string"
            },
            {
              "name": "total_order",
              "type": "long"
            },
            {
              "name": "data_collection_order",
              "type": "long"
            }
          ]
        }
      ],
      "default": null
    }
  ],
  "connect.name": "debezium_server.public.items.Envelope"
}
